toby,gEKd+Sqjw9uwvwVtZxzmc2zB7/ekDCHilwfPdiEpPmk=,hULxpmoiZbkrBGCSegATnA==
Test1,qluTUp7E0HQKbb8dkhq7m3bGwVoIfWce9rp1zJ5NreM=,MSU/5dVKzEsTdKNDpy5wpw==
admin,OB9ExHmLODNIybnUWkicJ5JOI0k0kZx15JJ/UTOf3+E=,O1toIxiu7GcenZKXE0QgHg==
Test2,pK1bU8tAnkbEAOInGbjP8ODnYvD5ZrghgXa3CoGuhjw=,au67+oFjtBD7WYdgFxtNEw==
Test3,Tiypn+YMRDF7kiFsQKqYKJHQthyNUPqZ7DgrdvDzXSU=,3u39jZNMm7I6p/vfjRacVg==
Test4,0JT4T3W0LhU8hnYDwMl2TV0vA18yTy+7oKxadnLLVcA=,CGOayw+UqyHSSZLesrUFlw==
Test6,D/PWWbvfCMjz8J9uw9dmtzNmthuec0cNBIXbJBlIYO0=,1HPlurmekP+T/n+SnAjolQ==
Test7,vnj6pKuSGTdcY9qEXNZO2W6wOvVAlms6ngI2uWDJilE=,mXBvX8iTbmHJseDujU6d+w==
Test9,ZO817Xyrpo0DFD9MT/RAKoIM/4c9wYKOwwA1J2cbnu0=,uXpXwABd2E3KURQ5MVfflA==
Test10,9vpqKJhvSxEsf5Vmf3S26LPq5sEzngoXGkXVdZ0G+nk=,evd3vcM23aLxd55iiUCXTQ==
Test11,y+JT+6Dt0qkaPyziOYiQtksD8K9D+hZg9TKWGqCgW9E=,zPMui4ZGRr4Td1Gtqh/i+A==
Test12,sJ7SAhc+AdhUHfSzespfzpEhFfIxKdzit8Cz4OnDSGA=,vEO9PCAbEpXNknPyD9t6aA==
